filename,category,alt,title,description,keywords,status
sunset-palm-tree-portrait.webp,portraits,"Woman in a swimsuit beneath a palm tree at sunset, gazing peacefully into the distance.",Sunset Portrait Beneath a Palm Tree,"A woman in a swimsuit stands barefoot beneath a palm tree at golden hour, bathed in warm sunset light and lost in a serene moment.","portraits, woman, beach, swimsuit, palm-trees, sunset, golden-hour, tropical",done
relaxing-sunset-portrait.webp,portraits,Woman in a swimsuit relaxing on white sand beneath a palm tree at sunset.,Relaxing on White Sand at Sunset,"A woman in a swimsuit lies on soft white sand beneath a palm tree, basking in warm sunset light with a calm, peaceful expression.","portraits, woman, beach, swimsuit, palm-trees, sunset, golden-hour, tropical",done
handmade-swimsuit-seashell-portrait.webp,portraits,Woman in a handmade swimsuit posing elegantly before delicate seashell decor.,Handmade Swimsuit & Seashell Decor Portrait,"A portrait of a woman wearing a unique handmade swimsuit, seated elegantly before delicate seashell decor in soft natural light.","portraits, woman, swimsuit, natural-light, artistic",done
bw-beach-portrait-woman-sand.webp,portraits,Black and white portrait of a woman in a swimsuit lying on the sand.,B&W Beach Portrait: Woman on Sand,"A black and white portrait of a woman in a swimsuit lying on the sand, capturing a serene and timeless moment with soft contrast and texture.","portraits, woman, beach, swimsuit, black-and-white, artistic",done
girl-embracing-palm-leaf.webp,portraits,Joyful girl embracing a large palm leaf against a clear blue sky.,Girl Embracing a Palm Leaf,"Against a bright blue sky, a girl joyfully embraces a palm leaf, her expression reflecting happiness and connection with nature.","portraits, girl, palm-trees, playful, tropical",done
horse-riding-scenic-shoreline.webp,portraits,Girl in a flowing blue dress riding a horse along a sandy shoreline.,Horse Riding on a Scenic Shoreline,"A girl in a flowing blue dress rides a horse along the sandy shore, capturing the essence of freedom and adventure.","portraits, girl, horse, beach, dress",done
eye-connection-girl-horse.webp,portraits,Intimate close-up split photo of a girl's eye and a horse's eye.,Eye Connection: Girl and Horse,"A captivating close-up reveals the eye of a girl on the left and the eye of a horse on the right, fostering an intimate connection between human and animal.","portraits, girl, horse, close-up, intimate, artistic",done
girl-petting-horse-beach.webp,portraits,Girl gently petting a horse on a beach with calming waves behind.,Girl Petting a Horse at the Beach,"Against a picturesque beach backdrop, a girl gently pets a horse — a heartwarming scene capturing the bond between them amidst the calming waves.","portraits, girl, horse, beach, intimate",done
girl-blue-dress-lotuses-almaty.webp,portraits,Girl in a flowing blue dress sitting gracefully among blooming lotuses.,Girl in Blue Dress Among Lotuses,"In a vibrant field of blooming lotuses, a girl in a flowing blue dress sits gracefully, presenting a beautiful harmony with nature.","portraits, girl, dress, flowers, lotus, field",done
sunset-silhouette-blonde-girl-almaty.webp,portraits,Blonde girl with an open back silhouetted against a stunning sunset.,Sunset Silhouette: Blonde Girl,"A blonde girl stands with her back to the camera, silhouetted by a breathtaking sunset. The warm sky evokes serenity and introspection.","portraits, woman, sunset, golden-hour, artistic",done
eye-portrait-book-background.webp,portraits,Close-up of a girl's eye framed by the soft texture of an open book page.,Eye Portrait with Book Background,"An intimate close-up features a girl's eye, beautifully framed by the soft texture of an open book page, evoking curiosity and a love for literature.","portraits, girl, close-up, intimate, artistic",done
modern-creation-homage-michelangelo.webp,portraits,"Girl reaching her hand toward a boy, posed as a modern homage to Michelangelo's Creation of Adam.",Modern Homage to The Creation of Adam,"A girl extends her hand toward a boy, recreating Michelangelo's iconic fresco — a contemporary interpretation capturing connection and aspiration.","portraits, woman, man, artistic, studio",done
girl-red-reading-kitchen.webp,portraits,Girl in a vibrant red outfit reading a book in a cozy kitchen.,"Girl in Red, Reading in the Kitchen","A girl in vibrant red sits in a cozy kitchen, engrossed in a book. The warm ambiance creates a sense of comfort and inspiration.","portraits, girl, dress, kitchen, interior, intimate",done
elegant-girl-golden-lion-statue.webp,portraits,Girl in a sleek black suit standing confidently beside a golden lion statue in an elegant interior.,Elegant Girl with Golden Lion,"A girl in a sleek black suit stands confidently in a stunning interior, complemented by an impressive golden lion statue — a portrait that radiates sophistication.","portraits, girl, interior, elegant, fashion",done
stylish-whiskey-toast-kitchen.webp,portraits,"Two girls — one in a black suit, one in white — toasting whiskey in an elegant kitchen.",Stylish Whiskey Toast,"In a beautifully designed kitchen, two girls — one in black, one in white — toast with whiskey, a moment of friendship and stylish celebration.","portraits, friends, kitchen, interior, playful, fashion",done
monica-bellucci-lookalike-portrait.webp,portraits,Portrait of a girl with striking features reminiscent of Monica Bellucci.,Monica Bellucci Look-Alike Portrait,"A stunning portrait features a girl with striking features reminiscent of Monica Bellucci, exuding grace and classic allure.","portraits, woman, portrait, elegant, artistic",done
stylish-breakfast-scene-almaty.webp,portraits,Girl in a crisp shirt lying casually on a table while enjoying breakfast.,Stylish Breakfast Scene,"A girl in a crisp shirt casually lies on a table, savoring her breakfast — a relaxed morning scene blending beauty with everyday life.","portraits, woman, kitchen, interior, intimate, fashion",done
girl-embracing-greek-statue-almaty.webp,portraits,Girl with short hair gently embracing the head of a Greek-style statue.,Girl Embracing a Greek Statue,"A striking portrait featuring a girl with short hair gently embracing a Greek-style statue head, highlighting the connection between modern beauty and classical art.","portraits, girl, artistic, studio, elegant",done
cozy-tea-reading-moment-almaty.webp,portraits,"Girl sitting comfortably indoors, sipping tea while reading a book.",Cozy Tea and a Book,"A girl sits comfortably indoors, enjoying a moment of tranquility as she sips tea and immerses herself in a book.","portraits, girl, interior, intimate",done
beach-horse-ride-mountain-view.webp,portraits,Girl in a flowing blue dress riding a horse along a sandy beach with mountains rising behind.,Beach Horse Ride with Mountain View,"A girl in a flowing blue dress rides gracefully on horseback along a sandy beach, majestic mountains rising behind — a vibrant scene of freedom and adventure.","portraits, girl, horse, beach, dress, mountains",done
summer-fun-girls-riding-horse-sea.webp,portraits,Two girls in bikinis riding a horse together through shallow ocean water.,Girls Riding a Horse in the Sea,"Two girls in vibrant bikinis joyfully ride a horse through shallow beach waters, capturing summer fun, friendship, and adventure.","portraits, friends, horse, beach, ocean, swimsuit, playful",done
aerial-view-red-bikini-palm-leaf.webp,portraits,Aerial view of a girl in a red bikini relaxing on a large palm leaf laid on the sand.,Aerial View: Red Bikini on Palm Leaf,"From above, a girl in a striking red bikini relaxes on a large palm leaf on the beach — a colorful tropical composition.","portraits, woman, beach, swimsuit, palm-trees, aerial, tropical",done
pink-bikini-beach-relaxation.webp,portraits,Girl in a pink bikini sitting gracefully on the sand at the beach.,Pink Bikini on the Beach,"A girl in a cheerful pink bikini sits gracefully on the sandy beach under warm sun, embodying summer relaxation.","portraits, girl, beach, swimsuit",done
chess-portrait-brown-suit.webp,portraits,Girl in a brown suit playing chess with focused concentration.,Chess Portrait in a Brown Suit,"A focused girl in a stylish brown suit plays chess, her intense gaze fixed on the board — a portrait of strategy, elegance, and intellectual beauty.","portraits, girl, fashion, intimate, portrait",done
girl-holding-lotus-lotus-field.webp,portraits,Girl in a pink dress cradling a pink lotus flower in a vibrant lotus field.,Girl Holding a Lotus,"Standing gracefully in a vibrant lotus field, a girl in a flowing pink dress gently cradles a pink lotus, embodying tranquility and femininity.","portraits, girl, dress, flowers, lotus, field",done
studio-portrait-white-dress-pearls.webp,portraits,Girl in a white dress and pearl earrings posing against a clean white studio background.,Studio Portrait: White Dress & Pearls,"Against a clean white backdrop, a girl in a white dress and pearl earrings stands gracefully — natural light enhances an ethereal, timeless quality.","portraits, girl, dress, studio, natural-light, elegant, portrait",done
vintage-style-saber-cyclorama.webp,portraits,Girl in vintage clothing posing with a saber on a studio cyclorama backdrop.,Vintage Style with a Saber,"On a studio cyclorama, a girl in vintage attire poses confidently with a saber — a striking blend of grace and empowerment.","portraits, girl, vintage, studio, fashion",done
vintage-dress-sand-sunset.webp,portraits,Girl in a vintage dress lying gracefully on the sand at sunset.,Vintage Dress on Sand at Sunset,"A girl in a beautiful vintage dress lies gracefully on the sand as the sun sets, casting warm hues — a serene scene of nostalgia and peacefulness.","portraits, girl, vintage, dress, beach, sunset, golden-hour",done
sunset-sunflower-field-joy.webp,portraits,Girl in shorts standing among blooming sunflowers as the sun sets.,Sunflower Field at Sunset,"Amid a vibrant sunflower field bathed in golden sunset light, a girl in shorts stands joyfully — summer freedom and nature's beauty.","portraits, girl, sunflowers, field, sunset, golden-hour, playful",done
natural-beauty-tall-grass.webp,portraits,"Girl posed artistically among tall grass, with soft natural light.",Natural Beauty in Tall Grass,"Posed artistically among lush tall grass, a girl embodies freedom and natural beauty — soft light creates a tranquil atmosphere.","portraits, girl, field, artistic, natural-light",done
yellow-tank-top-sunflower-field.webp,portraits,Girl in a yellow tank top standing among blooming sunflowers.,Yellow Tank Top in Sunflowers,"Surrounded by a lush sunflower field, a girl in a vibrant yellow tank top stands joyfully — a bright scene of happiness and warmth.","portraits, girl, sunflowers, field, playful",done
lace-pink-dress-blue-glacier.webp,portraits,Girl in a delicate lace pink dress posing before a blue glacier.,Pink Dress by a Blue Glacier,A girl in a delicate lace pink dress stands gracefully before a breathtaking blue glacier — a striking contrast of softness and nature's power.,"portraits, girl, dress, glacier, elegant",done
blue-gown-majesty-glacier.webp,portraits,Girl in a long blue gown with a flowing train standing before a magnificent blue glacier.,Blue Gown by a Glacier,"In an exquisite long blue gown with a flowing train, a girl stands majestically before a magnificent blue glacier.","portraits, girl, dress, glacier, elegant",done
pink-lace-dress-blue-glacier-contrast.webp,portraits,Girl in a lace pink dress posing in front of a striking blue glacier backdrop.,Pink Lace Dress & Blue Glacier,"A girl in a delicate lace pink dress stands gracefully before a breathtaking blue glacier, the contrast highlighting beauty against the power of nature.","portraits, girl, dress, glacier, elegant",done
swimsuit-horse-ride-sky.webp,portraits,Girl in a swimsuit riding a horse against a bright sky.,Swimsuit Horse Ride,"A girl in a stylish swimsuit rides a horse against a bright blue sky, embodying freedom and joy.","portraits, girl, horse, swimsuit, beach",done
elegant-black-woman-red-flower.webp,portraits,Black woman adorned with an exotic red flower in an elegant portrait.,Black Woman with a Red Flower,"A striking portrait captures a Black woman adorned with an exotic red flower, enhancing her natural elegance.","portraits, woman, flowers, portrait, elegant",done
girl-straw-hat-wildflowers.webp,portraits,Girl in a straw hat cradling a basket of vibrant wildflowers.,Straw Hat with Wildflowers,A girl in a straw hat gently cradles a basket of vibrant wildflowers — a portrait capturing a carefree spirit connected to nature.,"portraits, girl, flowers, field, vintage",done
red-gown-poppy-field.webp,portraits,Girl in a red gown with a flowing train standing in a vibrant poppy field.,Red Gown in a Poppy Field,"A girl in a flowing red dress with a train stands gracefully amidst a vibrant poppy field, her bold gown contrasting with the lush red flowers.","portraits, girl, dress, flowers, field, elegant",done
white-dress-lighthouse.webp,portraits,Girl in a flowing white dress standing gracefully by a coastal lighthouse.,White Dress at the Lighthouse,"A girl in a flowing white dress stands gracefully by a lighthouse, the serene coastal backdrop highlighting elegance.","portraits, girl, dress, ocean, lighthouse, elegant",done
luxury-yacht-blonde-beauty.webp,portraits,Blonde woman posing gracefully against the backdrop of a luxury yacht.,Blonde by a Luxury Yacht,"Against the backdrop of a luxurious yacht, a blonde woman poses gracefully — elegance and sophisticated style on the open water.","portraits, woman, ocean, swimsuit, fashion, elegant",done
girl-smelling-lotus-flower.webp,portraits,Girl in a vibrant lotus field gently smelling a lotus flower.,Smelling a Lotus,"Standing gracefully in a vibrant lotus field, a girl gently smells a lotus flower — a serene moment of appreciation for nature.","portraits, girl, flowers, lotus, field, intimate",done
shadow-play-portrait.webp,portraits,"Girl gently covering her face with her hand, casting intriguing shadows across her features.",Shadow Play,"A striking portrait of a girl covering her face with her hand, casting shadows that accentuate her features and evoke a sense of mystery.","portraits, girl, close-up, artistic, intimate",done
summer-swimsuit-beauty-beach.webp,portraits,Girl in a chic swimsuit posing on the beach with a sparkling ocean behind.,Summer Swimsuit on the Beach,"Posing confidently in a chic swimsuit on the beach, a girl embodies the spirit of summer with the sparkling ocean behind her.","portraits, girl, beach, swimsuit, ocean",done
tropical-bikini-pose-bamboo.webp,portraits,Athletic girl in a bikini leaning against a bamboo fence with palm trees behind.,Tropical Bikini Pose,A girl with a toned physique poses confidently in a bikini by a bamboo fence with lush palm trees behind — a vibrant tropical atmosphere.,"portraits, girl, swimsuit, palm-trees, tropical",done
reading-haystack-summer.webp,portraits,Girl in a swimsuit reading a magazine while sitting on a haystack in a peaceful countryside.,Reading on a Haystack,"In a peaceful countryside setting, a girl in a swimsuit leisurely reads a magazine on a haystack — summer relaxation and simple pleasures.","portraits, girl, swimsuit, field, vintage, playful",done
sunset-picnic-serenity.webp,portraits,Girl enjoying a picnic spread against a beautiful sunset backdrop.,Picnic at Sunset,"Enjoying a picnic spread as the sun sets, a girl is surrounded by stunning warm colors — a picturesque scene of tranquility and outdoor gathering.","portraits, girl, sunset, golden-hour, playful",done
friendship-tree-roots.webp,portraits,Two girls posing gracefully against the intricate roots of a tree.,By the Tree Roots,"Two girls stand gracefully against intricate tree roots, their poses reflecting friendship — an enchanting natural backdrop.","portraits, friends, forest, artistic",done
bw-ocean-contemplation-guy.webp,portraits,Black and white image of a man standing contemplatively in ocean waves.,B&W Ocean Contemplation,A striking black and white image shows a man standing in the ocean waves — monochromatic tones emphasize introspection and the raw beauty of the sea.,"portraits, man, ocean, black-and-white, intimate, artistic",done
green-eyes-palm-leaves.webp,portraits,Close-up portrait of a girl with striking green eyes among lush palm leaves.,Green Eyes Among Palm Leaves,"A captivating portrait features a girl with striking green eyes amidst lush palm leaves — vibrant greenery enhances a serene, exotic atmosphere.","portraits, girl, palm-trees, close-up, tropical, portrait",done
swimsuit-girl-palm-leaf-ocean.webp,portraits,Girl in a swimsuit holding a palm leaf against the ocean.,Swimsuit & Palm Leaf,"Against a stunning ocean backdrop, a girl in a swimsuit playfully holds a palm leaf — summer relaxation and tropical joy.","portraits, girl, beach, ocean, swimsuit, palm-trees, tropical",done
ocean-swimming-joy.webp,portraits,"Girl swimming in the ocean, submerged to her neck.",Ocean Swimming,"Swimming effortlessly in the ocean, submerged to her neck, a girl's joyful expression and the sparkling waves embody summer exhilaration.","portraits, girl, ocean, playful",done
loving-wedding-embrace-bw.webp,weddings,Black and white photo of a wedding couple in a tender embrace.,Loving Wedding Embrace,"A couple shares a tender embrace in this black and white wedding photo, monochromatic tones enhancing the emotional depth of the moment.","weddings, couple, black-and-white, romantic, intimate",done
floral-wedding-kiss.webp,weddings,Groom kissing his bride surrounded by stunning flowers.,Wedding Kiss Among Flowers,"A groom tenderly kisses his bride, surrounded by stunning flowers — vibrant blossoms create a romantic atmosphere highlighting their love.","weddings, bride, groom, flowers, romantic",done
elegant-interior-wedding-portrait.webp,weddings,Bride and groom posing together in a beautifully decorated interior.,Wedding Portrait in an Elegant Interior,"A bride and groom stand together in a stunning interior, the beautiful decor enhancing the romantic atmosphere of their wedding day.","weddings, bride, groom, interior, elegant, romantic",done
groom-photographing-bride.webp,weddings,Groom photographing his smiling bride in an elegant interior.,Groom Photographing the Bride,"A groom focuses his camera on his bride, who smiles joyfully in an elegant interior — a creative moment between the couple.","weddings, bride, groom, interior, playful, intimate",done
warm-toned-bride-groom-portrait.webp,weddings,Warm-toned portrait of a bride and groom together on their wedding day.,Warm-Toned Bride & Groom,"A portrait of a bride and groom in warm, soft tones — their expressions reflect happiness and connection on their special day.","weddings, bride, groom, romantic, intimate, portrait",done
bride-greenhouse-serenity.webp,weddings,Bride standing in a greenhouse surrounded by lush plants and flowers.,Bride in the Greenhouse,A bride stands gracefully in a greenhouse surrounded by vibrant plants — soft natural light enhances the romantic ambiance.,"weddings, bride, garden, flowers, natural-light, romantic",done
couple-embracing-greenery.webp,weddings,Bride and groom embracing in lush green surroundings.,Couple Embracing in Greenery,A bride and groom stand lovingly together amidst vibrant greenery — their intimate embrace creates a romantic atmosphere.,"weddings, bride, groom, garden, romantic",done
park-sunset-embrace.webp,weddings,Bride and groom embracing in a park bathed in warm sunset light.,Park Embrace at Sunset,"A bride and groom embrace in a park, framed by warm sunset hues — soft light enhances their connection in a magical wedding moment.","weddings, bride, groom, park, sunset, golden-hour, romantic",done
graceful-bride-bouquet.webp,weddings,Bride in an elegant gown holding a bouquet in an exquisite interior.,Graceful Bride with Bouquet,"In an exquisite interior, a bride in a beautiful gown holds her bouquet, embodying elegance and joy on her wedding day.","weddings, bride, dress, bouquet, interior, elegant",done
bw-sofa-portrait-bride-groom.webp,weddings,Black and white photo of a bride and groom on a sofa in an elegant interior.,Bride & Groom on a Sofa,A black and white image shows a bride and groom on a beautiful sofa in an elegant interior — intimacy and timeless love.,"weddings, bride, groom, interior, black-and-white, intimate",done
ocean-vows-ceremony.webp,weddings,Wedding couple exchanging vows by the ocean.,Vows by the Ocean,"A couple embraces while exchanging vows against the stunning ocean backdrop, celebrating their love and commitment.","weddings, couple, ocean, beach, romantic",done
seaside-wedding-vows.webp,weddings,Wedding couple embracing during their seaside ceremony.,Seaside Wedding Vows,"Embracing by the ocean, a couple exchanges vows — the beautiful scenery enhances the romantic atmosphere of their commitment.","weddings, couple, ocean, beach, romantic",done
wedding-champagne-celebration.webp,weddings,Newlyweds toasting with champagne to celebrate their wedding.,Champagne Celebration,"Newlyweds toast with champagne, smiles and celebratory atmosphere capturing the essence of their wedding celebration.","weddings, newlyweds, playful, romantic",done
engagement-ring-closeup.webp,weddings,Close-up of a sparkling engagement ring presented in an elegant ring box.,Engagement Ring,A detailed close-up of a ring box revealing a sparkling engagement ring — the promise of a future together.,"weddings, rings, close-up, intimate",done
passionate-kiss-by-sea.webp,weddings,Bride and groom kissing passionately against an ocean and sky backdrop.,Passionate Kiss by the Sea,"A bride and groom kiss passionately, framed by beautiful sky and serene ocean — an enchanting setting on their special day.","weddings, bride, groom, ocean, beach, romantic, intimate",done
pinky-promise-bond.webp,weddings,Close-up of a bride and groom's pinky fingers intertwined.,Pinky Promise,"A heartfelt close-up of a bride and groom's pinky fingers intertwined, symbolizing their bond and promise of love.","weddings, bride, groom, close-up, intimate, romantic",done
wedding-moments-collage.webp,weddings,"Collage: couple reading a newspaper, bride sleeping, couple and witnesses with colorful books.",Wedding Moments Collage,"A delightful collage: couple reading a newspaper, bride sleeping serenely, and the couple with witnesses reading colorful books — celebrating companionship.","weddings, couple, bride, groom, collage, playful, intimate",done
brides-tears-joy-bw.webp,weddings,"Black and white photo of a bride crying tears of joy at her wedding reception, surrounded by guests.",Bride's Tears of Joy,"A poignant black and white image of a bride overwhelmed with tears of joy during her wedding banquet, surrounded by guests celebrating love.","weddings, bride, black-and-white, intimate, romantic",done
elegant-veiled-bride-bw.webp,weddings,Black and white portrait of a graceful bride wearing a delicate veil.,Veiled Bride,A black and white portrait of a bride adorned with a delicate veil — monochromatic tones create a timeless bridal image.,"weddings, bride, veil, black-and-white, elegant, portrait",done
groom-getting-ready-collage-bw.webp,weddings,Black and white collage of candid moments of the groom getting ready for his wedding.,Groom Getting Ready,A black and white collage depicts the groom preparing for his wedding — moments of excitement and anticipation captured candidly.,"weddings, groom, collage, black-and-white, intimate",done
wedding-details-collage.webp,weddings,"Collage of wedding details: rings, elegant shoes, and vibrant flowers.",Wedding Details Collage,"A collage showcasing intricate wedding details — rings, elegant shoes, and vibrant flowers — reflecting the romantic ambiance of the day.","weddings, rings, flowers, collage, close-up",done
newlyweds-running-sea.webp,weddings,Newlyweds running hand-in-hand toward the ocean.,Running to the Sea,"Newlyweds joyfully run hand-in-hand toward the ocean, laughter evident as the waves approach — adventure and the blissful start of their journey.","weddings, newlyweds, ocean, beach, playful, romantic",done
newlyweds-pier-ocean.webp,weddings,Newlyweds sitting closely together on a wooden pier overlooking the ocean.,Newlyweds on the Pier,"Newlyweds sit closely on a wooden pier, feet dangling above the ocean — joy and intimacy on their special day.","weddings, newlyweds, ocean, pier, intimate, romantic",done
park-embrace-portrait-newlyweds.webp,weddings,"Newlyweds embracing tenderly in a park with a soft, blurred background.",Park Embrace,Newlyweds wrap each other in their arms in a scenic park — the soft background highlights their joyful expressions and tender embrace.,"weddings, newlyweds, park, romantic, intimate",done
confident-bride-bouquet.webp,weddings,Bride holding a bouquet and looking confidently at the camera.,Bride with Bouquet,"A bride gazes directly at the camera, holding a beautiful bouquet — her expression radiates confidence and joy on her special day.","weddings, bride, bouquet, portrait, elegant",done
newlyweds-window-reflection.webp,weddings,"Reflection of newlyweds in a window, showing their connection.",Window Reflection,The reflection of newlyweds in a window — subtle light and a soft background enhance the romantic atmosphere and their bond.,"weddings, newlyweds, romantic, intimate, artistic",done
wedding-rings-shadow-play.webp,weddings,"Hands holding wedding rings, with a beautiful interplay of light and shadow.",Wedding Rings & Shadow Play,"An artistic image of hands holding wedding rings — intricate shadows add depth and beauty, symbolizing love and unity.","weddings, rings, close-up, artistic",done
bride-flowers-veil.webp,weddings,"Bride lying in a park among flowers, her veil flowing gracefully around her.",Bride Among Flowers,"A bride reclines gracefully in a park among vibrant flowers, her flowing veil cascading elegantly — a dreamy, romantic atmosphere.","weddings, bride, veil, flowers, park, romantic",done
lotus-pond-reflection-newlyweds.webp,weddings,Reflection of a newlywed couple in a tranquil lotus pond.,Lotus Pond Reflection,The reflection of newlyweds in a tranquil lotus pond — a mesmerizing image symbolizing love and the serene beauty of their day.,"weddings, newlyweds, flowers, lotus, romantic, artistic",done
elegant-bride-flowing-veil.webp,weddings,Bride with a gracefully flowing veil framing her face.,Bride with a Flowing Veil,A portrait of a bride with a gracefully flowing veil framing her face — elegance and the emotion of her wedding day.,"weddings, bride, veil, portrait, elegant",done
vintage-book-rings-still-life.webp,weddings,Wedding rings resting on a vintage book surrounded by dried roses.,Vintage Book & Rings,"Wedding rings rest atop an antique book surrounded by dried roses — a romantic, nostalgic still life symbolizing timeless love.","weddings, rings, vintage, flowers, close-up",done
romantic-still-life-couple.webp,weddings,Wedding rings on a vintage book with dried roses; couple softly blurred behind.,Still Life with Couple,"Wedding rings on an old book with dried roses, while a couple is softly blurred behind — a still life symbolizing lasting love.","weddings, rings, couple, vintage, flowers, romantic",done
grooms-wedding-prep-collage.webp,weddings,Collage showing various moments of a groom preparing for his wedding day.,Groom's Prep Collage,"A collage showing the groom preparing for his wedding — adjusting his tie, polishing shoes, sharing laughs — anticipation and joy.","weddings, groom, collage, intimate",done
bw-wedding-moments-collage.webp,weddings,"Black and white collage: bride with bouquet, wedding rings, couple in elegant interior.",B&W Wedding Collage,"A black and white collage: bride holding her bouquet, close-up of rings, and the couple in an elegant interior — timeless romance.","weddings, bride, groom, rings, bouquet, collage, black-and-white",done
groom-botanical-garden-blurred-bride.webp,weddings,Groom standing in a botanical garden with the bride softly blurred in the background.,Groom in the Garden,"A groom stands confidently in a vibrant botanical garden — the bride softly blurred behind him, a dreamy romantic touch.","weddings, bride, groom, garden, romantic",done
winged-couple-fantasy-portrait.webp,weddings,"Bride and groom posed together with large white wings, in a fantasy-like atmosphere.",Winged Couple,"A bride and groom adorned with large white wings — a whimsical, ethereal atmosphere embodying love and magic.","weddings, bride, groom, artistic, romantic",done
elegant-bride-portrait-light-play.webp,weddings,Warm-toned portrait of a bride with light playing across her eyes.,Bride with Light Play,"A portrait of a bride in warm tones, soft light dancing across her eyes — elegance, grace, and timeless beauty.","weddings, bride, portrait, intimate, elegant",done
beach-wedding-celebration.webp,weddings,"Bride, groom, and guests celebrating together on a beach by the ocean.",Beach Wedding Celebration,A bride and groom surrounded by guests on a beautiful beach — the stunning ocean backdrop fills the scene with joy and laughter.,"weddings, bride, groom, friends, ocean, beach, playful",done
newlyweds-under-drone-show.webp,weddings,Newlyweds watching a spectacular drone show illuminating the night sky.,Newlyweds Under a Drone Show,Newlyweds gaze at a spectacular drone show illuminating the night sky — vibrant lights create a breathtaking backdrop.,"weddings, newlyweds, night, romantic",done
magical-drone-show-celebration.webp,weddings,Newlyweds standing before a vibrant drone show against the night sky.,Drone Show Celebration,Newlyweds watch a spectacular drone show light up the night — the vibrant display enhances the romantic atmosphere of their celebration.,"weddings, newlyweds, night, romantic",done
father-son-hot-dog-fun.webp,family,"Father and son in matching yellow outfits, eating hot dogs together.",Father & Son Hot Dog Fun,"A father and son share a playful moment, enjoying hot dogs in matching bright yellow outfits — a snapshot of simple joys.","family, father, son, playful",done
woman-holding-baby-autumn.webp,family,Young woman gently holding a baby in a colorful autumn park.,Holding Baby in Autumn,A young woman gently cradles a baby amidst vibrant autumn park colors — love and connection in nature.,"family, mother, baby, autumn, park, intimate",done
autumn-park-tenderness.webp,family,Young woman holding a baby tenderly in an autumn park.,Autumn Park Tenderness,"In a cozy autumn park atmosphere, a young woman holds a baby tenderly — warm tones and golden leaves highlight their loving connection.","family, mother, baby, autumn, park, intimate",done
father-kids-autumn-park.webp,family,Young father with his one-year-old daughter and five-year-old son in an autumn park.,Father with Kids in Autumn,"A young father enjoys quality time with his daughter and son in a picturesque autumn park, surrounded by colorful fall leaves.","family, father, daughter, son, autumn, park, playful",done
mother-daughter-forest-smiles.webp,family,Mother and her one-year-old daughter smiling together in an autumn forest.,Mother & Daughter in the Forest,A mother and her one-year-old daughter beam with joy amidst vibrant autumn forest colors — happy expressions and a special bond.,"family, mother, daughter, autumn, forest, intimate",done
jungle-family-adventure.webp,family,"Mother, father, and daughter smiling together in lush jungle greenery.",Jungle Family Adventure,A joyful family of three smiles brightly amidst lush jungle greenery — the vibrant foliage reflects their adventurous spirit.,"family, mother, father, daughter, forest, tropical, playful",done
four-generations-yellow.webp,family,"Grandmother, mother, sister, and daughter in matching yellow outfits.",Four Generations in Yellow,"Four generations of women — grandmother, mother, sister, daughter — in matching yellow outfits radiate joy and togetherness.","family, mother, daughter, sisters, portrait",done
mother-daughter-pink-background.webp,family,Mother and one-year-old daughter smiling against a soft pink background.,Mother & Daughter on Pink,"A mother and her one-year-old daughter smile joyfully against a soft pink backdrop — warm tones create a playful, loving atmosphere.","family, mother, daughter, studio, playful, intimate",done
autumn-leaf-play-family.webp,family,Family playing with colorful leaves in an autumn forest.,Autumn Leaf Play,"A family joyfully plays with colorful leaves in an autumn forest — laughter fills the air as they toss leaves, celebrating the season.","family, autumn, forest, playful",done
christmas-morning-gift-opening.webp,family,Mother and daughter in pajamas opening Christmas gifts by the tree.,Christmas Morning,A mother and daughter in cozy pajamas open presents by a decorated Christmas tree — the joy and magic of holiday traditions.,"family, mother, daughter, christmas, interior, intimate",done
newborn-peace-basket.webp,family,"Newborn baby sleeping peacefully, nestled in a cozy basket.",Newborn in a Basket,A newborn baby sleeps peacefully in a cozy basket wrapped in soft blankets — the beauty and innocence of infancy.,"family, newborn, baby, intimate, close-up",done
joyful-family-studio-portrait.webp,family,"Mother, father, and their playful two-year-old son in a studio portrait.",Family Studio Portrait,"A joyful family — mother, father, and playful two-year-old son — in a studio setting, warm smiles reflecting their deep bond.","family, mother, father, son, studio, portrait",done
autumn-park-family-fun.webp,family,Family enjoying time together amidst vibrant fall foliage in an autumn park.,Family in an Autumn Park,"A family happily spends time together in a picturesque autumn park, sharing laughter amidst vibrant fall foliage.","family, autumn, park, playful",done
daughters-kissing-mom-autumn.webp,family,Two daughters tenderly kissing their mother in a colorful autumn forest.,Daughters Kissing Mom,Two daughters tenderly kiss their mother in a beautiful autumn forest — warm smiles and vibrant fall colors highlight a loving family connection.,"family, mother, daughter, sisters, autumn, forest, intimate",done
family-camping-adventure.webp,family,Family enjoying time outdoors with tents set up for camping.,Family Camping,A family enjoys a camping adventure surrounded by tents in the great outdoors — laughter fills the air as they create lasting memories.,"family, forest, playful",done
large-family-beach-gathering.webp,family,Large family gathered together on a sandy beach by the ocean.,Family on the Beach,A large family happily gathers on the beach by the ocean — smiles and laughter create a lively atmosphere of love and togetherness.,"family, beach, ocean, playful",done
friends-beach-fun.webp,family,Group of friends laughing together on the beach with the ocean behind.,Friends on the Beach,Friends enjoy themselves on the beach by the sparkling ocean — joyful expressions reflect carefree friendship and the excitement of a day by the sea.,"family, friends, beach, ocean, playful",done
sleeping-newborn-crib.webp,family,"Newborn baby sleeping soundly, nestled comfortably in a cozy crib.",Sleeping Newborn,A newborn baby nestled comfortably in a cozy crib sleeps soundly — soft blankets and gentle lighting create a serene atmosphere of innocence.,"family, newborn, baby, intimate, close-up",done
sisters-cooking-together.webp,family,Five-year-old and two-year-old sisters playfully preparing food together in the kitchen.,Sisters Cooking,A five-year-old sister and her two-year-old sibling joyfully prepare food together — smiles highlighting the warmth of sibling bonding.,"family, sisters, daughter, kitchen, interior, playful",done
sisters-fox-costumes.webp,family,Two young sisters in fox costumes posing playfully in a studio.,Sisters in Fox Costumes,Two sisters dressed in cute fox costumes playfully pose in a studio — bright smiles and spirited expressions highlight creativity and joy.,"family, sisters, daughter, studio, playful, portrait",done
family-white-beach.webp,family,Family in matching white outfits standing together on the beach.,Family in White on the Beach,A family in elegant white outfits stands together on the beach by the ocean waves — joyful expressions create harmony and togetherness.,"family, beach, ocean, portrait, elegant",done
elegant-family-studio-portrait-black.webp,family,"Elegant family portrait against a black background, lit with artistic studio lighting.",Family on Black,A family poses beautifully against a black background under soft studio lighting — warm glow conveying unity and love.,"family, studio, portrait, elegant",done
husband-kissing-pregnant-wife.webp,maternity,"Husband tenderly kissing his pregnant wife, who wears a crown and lace dress.",Husband Kissing Pregnant Wife,"A husband tenderly kisses his pregnant wife, adorned with a crown and elegant lace dress — love and anticipation for parenthood.","maternity, pregnant, couple, dress, intimate, romantic",done
maternity-lace-dress-ocean.webp,maternity,Pregnant woman in an elegant lace dress posing by the ocean.,Maternity by the Ocean,A pregnant woman poses elegantly in a beautiful lace dress on the beach by the ocean — the beauty of motherhood and tranquility.,"maternity, pregnant, dress, ocean, beach, elegant",done
ocean-serenity-maternity.webp,maternity,Pregnant woman in a lace dress standing gracefully by the ocean shore.,Ocean Serenity,"Elegantly posed in a beautiful lace dress on the beach, a pregnant woman stands by the ocean waves — a peaceful moment of motherhood.","maternity, pregnant, dress, ocean, beach, elegant",done
couples-ocean-maternity.webp,maternity,Husband with his pregnant wife in a lace dress by the ocean.,Couple's Ocean Maternity,A husband stands beside his pregnant wife in a lace dress on the beach — joyful expressions highlighting shared love and anticipation.,"maternity, pregnant, couple, dress, ocean, beach, romantic",done
pregnant-friends-colorful-dresses.webp,maternity,Three pregnant women in colorful flowing dresses standing together on the beach.,Pregnant Friends in Color,"Three pregnant women in colorful, flowing gowns stand together on the beach, dresses billowing gracefully — motherhood and friendship.","maternity, pregnant, friends, dress, beach, ocean, playful",done
flowing-gown-maternity-sea.webp,maternity,Pregnant woman in a flowing gown with a train posing by the ocean.,Flowing Gown by the Sea,A pregnant woman poses gracefully on the beach in a beautiful gown with a flowing train — a dreamy effect against the vast ocean.,"maternity, pregnant, dress, ocean, beach, elegant",done
couple-ultrasound-ocean.webp,maternity,Couple holding an ultrasound image lovingly by the ocean.,Couple with Ultrasound,"Standing on the beach, a couple lovingly holds an ultrasound image — a moment symbolizing excitement and anticipation for parenthood.","maternity, pregnant, couple, ocean, beach, intimate",done
beach-maternity-togetherness.webp,maternity,Couple on the beach: pregnant woman cradling her baby bump beside her partner.,Beach Maternity Togetherness,"A young man and his pregnant partner stand hand-in-hand on the shore — she lovingly cradles her baby bump, sharing joy and anticipation.","maternity, pregnant, couple, ocean, beach, intimate, romantic",done
couples-beach-baby-bump-moment.webp,maternity,"Young couple on the sandy shore, pregnant woman holding her baby bump.",Couple's Baby Bump Moment,"Standing hand-in-hand on the sandy shore, a young couple shares warm smiles as the pregnant partner cradles her baby bump.","maternity, pregnant, couple, ocean, beach, intimate, romantic",done
studio-maternity-elegance.webp,maternity,Pregnant woman posing gracefully in a beautiful dress in a photo studio.,Studio Maternity,A pregnant woman poses gracefully in a gorgeous dress in a professional photo studio — soft lighting highlights her radiant glow.,"maternity, pregnant, dress, studio, elegant, portrait",done
elegant-studio-maternity-pose.webp,maternity,Pregnant woman posing elegantly in a flowing dress in a photo studio.,Elegant Studio Maternity,"In a photo studio, a pregnant woman poses elegantly in a gorgeous dress — an intimate moment showcasing the beauty of pregnancy.","maternity, pregnant, dress, studio, elegant, portrait",done
bw-maternity-portrait-husband.webp,maternity,Black and white portrait of a pregnant woman standing closely with her husband.,B&W Maternity with Husband,A touching black and white image of a pregnant woman resting her hand on her baby bump beside her husband — warmth and affection.,"maternity, pregnant, couple, black-and-white, intimate, romantic",done
home-cta-bg.webp,site,"A girl in a flowing dress walking on the beach, used as the homepage call-to-action background.",,,,done
contact-bg.webp,site,"Soft, atmospheric photo used as the contact page background and the site-wide social share image.",,,,done
about-bg.webp,site,Portrait used as the About page hero background.,,,,done
vero-photographing.webp,site,Photo of Veronika Gerzon photographing a client.,,,,done
vero-portrait.webp,site,"Portrait of Veronika Gerzon, the photographer behind Vero Photography.",,,,done
swimsuit-beach-peaceful-moment.webp,portraits,Young woman in a swimsuit lying on the sand by the ocean.,Peaceful Moment by the Sea,"A young woman in a swimsuit lies on soft sand as gentle ocean waves curl nearby, bathed in warm golden light.","portraits, woman, beach, ocean, swimsuit, golden-hour",done
family-on-red-armchair.webp,family,"Father, pregnant mother, and son sharing a red armchair in a softly lit interior.",Family on the Red Armchair,"A father, pregnant mother, and their son share a red armchair in a softly lit interior, three quiet figures wrapped in natural window light.","family, father, mother, son, pregnant, interior, natural-light, intimate",done
father-son-reading-armchairs.webp,family,Father and son in suits reading together in armchairs in an elegant interior.,Father and Son Reading,"A father and his son, both in elegant suits, sit in armchairs in a refined interior, reading together in companionable quiet.","family, father, son, interior, elegant, intimate",done
sisters-pregnant-embrace.webp,maternity,"Two sisters sitting close together; one lovingly embraces the other, who is pregnant.",Sisters' Embrace,"Two sisters sit close, one wrapping the other (who is pregnant) in a tender embrace, framed by soft warm light.","maternity, sisters, pregnant, intimate, natural-light",done
family-colorful-sweaters-studio.webp,family,"Mother, father, and son in matching colorful sweaters posing in a photo studio.",Family in Colorful Sweaters,"A mother, father, and son pose together in a studio in coordinated colorful sweaters, a warm, classic family portrait under soft light.","family, mother, father, son, studio, portrait, playful",done
family-sweaters-studio-portrait.webp,family,Family in matching colorful sweaters posing in a studio.,Family Studio Sweaters,"A family in matching colorful sweaters poses in a studio, a coordinated and joyful family portrait.","family, studio, portrait, playful",done
husband-hugging-pregnant-red-dress.webp,maternity,"Husband hugging his pregnant wife, who wears a red dress, in a soft-lit setting.",Maternity Embrace in Red,"A husband holds his pregnant wife, who wears a flowing red dress, in a tender embrace under soft light.","maternity, pregnant, couple, dress, intimate, romantic, elegant",done
toddler-girl-on-bed.webp,family,Smiling toddler girl sitting on a bed in natural light.,Toddler on the Bed,"A smiling toddler girl sits on a bed bathed in soft natural light, a quiet in-home lifestyle moment.","family, daughter, baby, interior, natural-light, playful",done
big-family-by-window.webp,family,Large family with young children posing together by a sunlit window.,Family by the Window,"A large family poses together by a sunlit window with their young children, easy and bright in natural light.","family, mother, father, daughter, son, interior, natural-light, playful",done
mother-toddler-couch-play.webp,family,Mother playing with her toddler daughter on a couch.,Mother and Daughter at Play,"A mother plays with her toddler daughter on the couch, laughter and natural connection in a cozy in-home setting.","family, mother, daughter, baby, interior, intimate, playful",done
mother-kissing-daughter-bed.webp,family,Mother kissing her daughter on a bed in a candid lifestyle moment.,A Kiss,"A mother kisses her daughter on a bed, a warm and candid moment of family love captured in natural light.","family, mother, daughter, interior, intimate, natural-light",done
mother-brushing-daughters-hair.webp,family,Mother brushing her daughter's hair on a bed in soft natural light.,Brushing Hair,"A mother gently brushes her daughter's hair on a bed, a quiet and tender ritual in soft natural light.","family, mother, daughter, interior, intimate, natural-light",done
woman-hat-poppy-field-chair.webp,portraits,"Elegant woman in a hat seated on a chair in a poppy field, smelling flowers.",Hat and Poppies,"An elegant woman in a wide-brimmed hat sits on a chair in the middle of a poppy field, leaning to smell the flowers around her.","portraits, woman, flowers, field, elegant, vintage",done
woman-poppy-petals-floating.webp,portraits,Elegant woman seated in a poppy field with petals drifting through the air around her.,Petals in the Air,"Seated in a poppy field, an elegant woman pauses to smell the flowers as delicate petals drift through the air around her.","portraits, woman, flowers, field, artistic, elegant",done
woman-poppy-field-peaceful.webp,portraits,"Graceful woman sitting in a chair in a blooming poppy field, smelling flowers.",Peaceful in the Poppies,"A graceful woman sits in a chair amid a blooming poppy field, lost in the simple pleasure of smelling the flowers around her.","portraits, woman, flowers, field, intimate, elegant",done
wedding-kiss-pink-sunset.webp,weddings,Bride and groom kissing beneath a pink sunset sky.,Pink Sunset Kiss,"A bride and groom share a kiss beneath a dreamy pink sunset sky, golden evening light wrapping around them.","weddings, bride, groom, sunset, golden-hour, romantic",done
pregnant-silhouette-bw.webp,maternity,Black and white silhouette of a pregnant woman.,Silhouette in Black and White,"A black and white silhouette of a pregnant woman, pared down to form, light, and the curve of her bump.","maternity, pregnant, black-and-white, artistic, portrait",done
groom-sofa-arms-stretched-bw.webp,weddings,Black and white portrait of a groom in a suit sitting on a sofa with arms stretched out.,Groom on the Sofa,"A black and white portrait of a groom in an elegant suit, arms stretched along the back of a sofa, confident and cinematic.","weddings, groom, black-and-white, interior, elegant, portrait, fashion",done
groom-sofa-cinematic-bw.webp,weddings,Sophisticated black and white portrait of a groom in a suit seated on a sofa.,Cinematic Groom,"A black and white portrait of a groom in an elegant suit, seated on a sofa, modern and quietly confident.","weddings, groom, black-and-white, interior, elegant, portrait, fashion",done
wedding-rings-bouquet-bw.webp,weddings,Black and white close-up of wedding rings resting on a bridal bouquet.,Rings on the Bouquet,"A black and white close-up of wedding rings nestled into a bridal bouquet, the day's small details brought into focus.","weddings, rings, bouquet, black-and-white, close-up",done
couple-kiss-crashing-waves.webp,portraits,Couple kissing by the ocean as waves crash against rocks behind them.,Kiss Among the Waves,"A couple kisses by the ocean as powerful waves crash against the rocks behind them, a dynamic and romantic coastal scene.","portraits, couple, ocean, romantic, intimate",done
bride-groom-ocean-mountains.webp,weddings,Bride and groom posing with an ocean and mountain backdrop.,Ocean and Mountains,"A bride and groom pose against a sweeping backdrop of ocean and mountains, soft coastal light catching their figures.","weddings, bride, groom, ocean, mountains, romantic, elegant",done
newlyweds-panoramic-ocean-mountains.webp,weddings,Newlyweds embracing with panoramic ocean and mountain views behind them.,Panoramic Embrace,"Newlyweds embrace as panoramic ocean and mountain views stretch out behind them, a moment shaped by the landscape itself.","weddings, newlyweds, ocean, mountains, romantic",done
outdoor-wedding-ceremony-scenic.webp,weddings,"Outdoor wedding ceremony with a scenic backdrop, surrounded by guests.",Ceremony with a View,"An outdoor wedding ceremony set against a scenic backdrop, elegant decor and the families and friends gathered to witness it.","weddings, bride, groom, friends, mountains, romantic, elegant",done
bridal-party-ceremony.webp,weddings,Bride and groom standing with their bridal party during the wedding ceremony.,Ceremony with the Bridal Party,"A bride and groom stand with their bridal party during the ceremony, elegant outfits and a celebration in motion.","weddings, bride, groom, friends, romantic, elegant",done
kiss-floral-arch-ceremony.webp,weddings,Newlyweds kissing beneath a floral wedding arch during their outdoor ceremony.,Kiss Under the Arch,A newlywed couple shares a kiss beneath a floral wedding arch during their outdoor ceremony.,"weddings, newlyweds, flowers, romantic",done
bride-groom-under-veil-smiles.webp,weddings,Bride and groom smiling beneath a delicate veil.,Beneath the Veil,"A bride and groom smile beneath a delicate veil, a joyful and intimate moment caught in soft wedding light.","weddings, bride, groom, veil, romantic, intimate, portrait",done
couple-back-camera-ocean-view.webp,weddings,"Bride and groom from behind, looking out at an ocean view.",Looking Out to Sea,"A bride and groom stand with their backs to the camera, taking in a sweeping ocean view, a quiet pause amid the day.","weddings, bride, groom, ocean, romantic, intimate",done
couple-kiss-ocean-view-behind.webp,weddings,"Bride and groom kissing while looking out at the ocean, photographed from behind.",A Kiss with a View,"Photographed from behind, a bride and groom share a kiss while overlooking the ocean.","weddings, bride, groom, ocean, romantic, intimate",done
bride-fitted-dress-ocean.webp,weddings,Bride in a fitted wedding dress posing against an ocean backdrop.,Bride by the Ocean,"A bride in a fitted wedding dress poses against an ocean backdrop, elegant lines under coastal light.","weddings, bride, dress, ocean, elegant, portrait",done
kiss-brick-tower.webp,weddings,Bride and groom kissing in front of a brick tower.,Kiss by the Brick Tower,"A bride and groom share a kiss in front of a beautiful brick tower, an elegant and timeless wedding portrait.","weddings, bride, groom, romantic, elegant, intimate",done
bride-groom-sofa-quiet-bw.webp,weddings,Black and white photo of a bride and groom sitting on a sofa before the reception.,Quiet Before the Reception,"A black and white photograph of a bride and groom on a sofa, sharing a quiet moment before the reception begins.","weddings, bride, groom, interior, black-and-white, intimate, portrait",done
wedding-party-seafoam.webp,weddings,Bride and groom with their wedding party in seafoam-colored attire.,Wedding Party in Seafoam,A bride and groom pose with their wedding party — bridesmaids and groomsmen in coordinated seafoam attire — for a stylish group portrait.,"weddings, bride, groom, friends, dress, elegant, portrait",done
couple-friends-jumping-celebration.webp,weddings,Bride and groom seated in front while their wedding party jumps in the background.,Friends in the Air,"Bride and groom sit in the foreground as their wedding party leaps joyfully behind them, fun and energy on the big day.","weddings, bride, groom, friends, playful",done
bridal-party-celebration-jump.webp,weddings,Bride and groom seated as their bridal party jumps in celebration behind them.,Bridal Party Celebration,A joyful portrait — the bride and groom seated in front as their bridal party celebrates and jumps in the background.,"weddings, bride, groom, friends, playful",done
wedding-party-sunset-group.webp,weddings,Newlyweds and friends posing together against a sunset backdrop.,Wedding Party at Sunset,Newlyweds and their friends gather for a relaxed group portrait against a sunset backdrop.,"weddings, newlyweds, friends, sunset, golden-hour, playful",done
groom-toss-celebration.webp,weddings,Groom being tossed into the air by his friends during the wedding celebration.,Groom in the Air,A lively moment — the groom is tossed into the air by his friends in the middle of the celebration.,"weddings, groom, friends, playful",done
wedding-reception-celebration.webp,weddings,Newlyweds celebrating with their friends at the wedding reception.,Reception Celebration,"Newlyweds celebrate with their friends at the reception, vibrant and full of party energy.","weddings, newlyweds, friends, night, playful",done
bride-tossing-ring.webp,weddings,"Bride tossing her wedding ring into the air, mid-flight between her hands.",Ring in the Air,"A creative shot — the bride tosses her wedding ring into the air, caught mid-flight between her hands.","weddings, bride, rings, close-up, artistic, playful",done
bride-groom-embrace-veil-bw.webp,weddings,Black and white portrait of a bride and groom embracing beneath a veil.,Embrace Beneath the Veil,"A soft black and white portrait of a bride and groom embracing beneath a delicate veil, tender and unhurried.","weddings, bride, groom, veil, black-and-white, intimate, romantic",done
sparkler-tunnel-exit.webp,weddings,Bride and groom walking through a tunnel of guests holding lit sparklers.,Sparkler Tunnel,"Bride and groom walk through a tunnel of guests holding sparklers, a magical and celebratory moment toward the end of the night.","weddings, bride, groom, friends, night, playful, romantic",done
couple-ocean-waves-splashing.webp,portraits,Couple standing by the ocean as waves splash around them.,Splash,"A couple stands by the ocean as waves splash around them, a dreamy and emotional coastal moment.","portraits, couple, ocean, beach, romantic, playful",done
couple-passionate-kiss-ocean.webp,portraits,Couple sharing a passionate kiss by the ocean in soft natural light.,Kiss by the Ocean,"A couple shares a kiss by the ocean, peaceful waves behind them and soft natural light catching the moment.","portraits, couple, ocean, beach, natural-light, romantic, intimate",done
newlyweds-embrace-blue-sky.webp,weddings,Newlyweds embracing by the sea under a clear blue sky.,Embrace by the Sea,"Newlyweds embrace by the sea beneath a bright blue sky, coastal scenery stretching behind them.","weddings, newlyweds, ocean, beach, romantic",done
magnolia-pink-sweater.webp,portraits,Young woman in a pink sweater gently smelling a blooming magnolia branch.,Magnolia in Bloom,"A young woman in a soft pink sweater leans into a blooming magnolia branch, a delicate springtime portrait.","portraits, woman, flowers, intimate, natural-light",done
studio-maternity-embrace.webp,maternity,Studio portrait of a husband gently embracing his pregnant wife.,Studio Embrace,"A studio portrait of a husband gently embracing his pregnant wife, captured under soft, warm light.","maternity, pregnant, couple, studio, intimate, romantic, portrait",done
freckled-portrait-detail.webp,portraits,Detailed close-up portrait of a freckled woman in professional lighting.,Freckles,"A close-up portrait of a freckled woman, professional lighting tracing the natural texture and softness of her features.","portraits, woman, close-up, studio, portrait, intimate",done
pregnant-fitted-black-dress-bw.webp,maternity,Black and white portrait of a pregnant woman in a fitted black dress.,"Black Dress, Black and White","A black and white portrait of a pregnant woman in a fitted black dress, dramatic lighting tracing the silhouette of her bump.","maternity, pregnant, dress, black-and-white, studio, elegant, portrait",done
pregnant-family-three-bw.webp,family,"Black and white family photo of a pregnant mother, father, and their young son.",Family of Three (Almost Four),"A black and white family portrait of a pregnant mother, her husband, and their two-year-old son, a tender pause before the family grows.","family, mother, father, son, pregnant, black-and-white, intimate",done
studio-pregnant-embrace-modern.webp,family,Studio portrait of a husband embracing his pregnant wife with elegant lighting.,Modern Maternity Embrace,"A husband embraces his pregnant wife in a studio, modern and sophisticated lighting shaping a confident, contemporary portrait.","family, pregnant, couple, studio, elegant, portrait, fashion",done
studio-maternity-refined.webp,maternity,Studio maternity photo of a husband gently holding his pregnant wife.,Refined Maternity Studio,"A husband gently holds his pregnant wife in a refined studio setting, a quiet, elegant maternity portrait.","maternity, pregnant, couple, studio, elegant, intimate, portrait",done
lotus-bridge-string-lights-night.webp,portraits,"Young woman on a wooden bridge in a lotus field, wrapped in glowing string lights at night.",String Lights on the Bridge,"A young woman sits on a wooden bridge in a lotus field, wrapped in glowing string lights beneath the dark evening sky.","portraits, woman, lotus, field, night, artistic",done
mother-holding-baby-home.webp,family,Young mother holding her baby in her arms in an in-home portrait.,Mother and Baby at Home,"A young mother holds her baby in her arms, a warm in-home portrait that captures the quiet of new family life.","family, mother, baby, newborn, interior, intimate, natural-light",done
pregnant-burgundy-dress-embrace.webp,maternity,Pregnant woman in a burgundy dress embracing her husband.,Burgundy Maternity,"A pregnant wife in a burgundy dress embraces her husband, the curve of her bump softly highlighted in warm light.","maternity, pregnant, couple, dress, intimate, romantic, elegant",done
couple-kiss-deep-blue-ocean.webp,portraits,Couple kissing by the ocean amid deep blue tones and crashing waves.,Kiss in Deep Blue,"A couple kisses by the ocean, deep blue tones and crashing waves carrying movement through the frame.","portraits, couple, ocean, romantic, intimate, artistic",done
bridesmaids-floating-pool.webp,portraits,Group of bridesmaids floating together in a swimming pool.,Bridesmaids in the Pool,"Bridesmaids float together in a swimming pool, a vibrant and easy moment from a pre-wedding bachelorette celebration.","portraits, friends, pool, swimsuit, playful",done
bride-bridesmaids-pool.webp,portraits,Bride and her bridesmaids relaxing in a swimming pool.,Bachelorette in the Pool,"A bride and her bridesmaids relax in a pool, a cheerful, easy moment from a bachelorette celebration.","portraits, bride, friends, pool, swimsuit, playful",done
profile-red-truck-tulips.webp,portraits,Profile portrait of a woman in a cowboy hat sitting on the hood of a vintage red truck in a tulip field.,Profile on the Red Truck,"A profile portrait — a woman in a denim jacket and cowboy hat sits on the hood of a vintage red truck, tulips in the foreground.","portraits, woman, cowboy-hat, dress, flowers, tulips, field, vintage",done
mid-jump-tulip-rows.webp,portraits,Woman in a cowboy hat mid-jump down a path between red and yellow tulips.,Mid-Jump Between Tulip Rows,"A woman in a cowboy hat and floral mini dress leaps down a path lined by red tulips on one side and yellow on the other, a small bouquet in her hand.","portraits, woman, cowboy-hat, dress, flowers, tulips, field, playful",done
couple-kiss-tulip-field.webp,portraits,Couple kissing while seated in the middle of a blooming tulip field.,Kiss Among the Tulips,"A couple shares a kiss seated low in a tulip field, surrounded by red, pink, and yellow blooms, soft countryside light behind them.","portraits, couple, flowers, tulips, field, intimate, romantic",done
tulip-field-windmill-twirl.webp,portraits,Woman in a floral dress turning gracefully in front of a wooden windmill and tulip rows.,Twirl by the Windmill,"A woman in a floral dress turns gracefully in front of a wooden windmill, tulip rows fanning out behind her.","portraits, woman, dress, flowers, tulips, field, playful",done
cowboy-hat-tulip-close-up.webp,portraits,Close-up portrait of a woman in a white cowboy hat and floral dress amid colorful tulips.,Cowboy Hat in the Tulips,"A close-up of a woman in a white cowboy hat and floral dress, gaze lifted as a tulip field stretches around her.","portraits, woman, cowboy-hat, dress, flowers, tulips, field, close-up",done
kneeling-tulip-bouquet.webp,portraits,Woman in a denim jacket and cowboy hat kneeling in a tulip field with a small bouquet.,Kneeling with Tulips,"A woman in a denim jacket and cowboy hat kneels in a tulip field, holding a small bouquet of fresh-picked tulips.","portraits, woman, cowboy-hat, dress, flowers, tulips, field",done
walking-tulip-path-bouquet.webp,portraits,Woman in a cowboy hat walking down a path between red and yellow tulip rows with a small bouquet.,Path Between the Tulips,"A woman in a cowboy hat and floral dress walks down a path between rows of red and yellow tulips, a small bouquet in her hand.","portraits, woman, cowboy-hat, dress, flowers, tulips, field, playful",done
tulip-field-hat-in-hand.webp,portraits,Woman in a floral dress holding a white cowboy hat and a small bouquet in a tulip field.,"Hat in Hand, Tulips Behind","A woman in a floral dress stands in a tulip field, white cowboy hat and a small bouquet in her hand, blonde hair caught in the breeze.","portraits, woman, dress, flowers, tulips, field, playful",done
cowboy-hat-red-truck-tulips.webp,portraits,Woman in a cowboy hat and floral dress sitting on the hood of a vintage red truck in a tulip field.,Cowboy Hat on a Red Truck,"A woman in a denim jacket, floral dress, and cowboy hat sits on the hood of a vintage red truck, framed by rows of tulips in soft countryside light.","portraits, woman, cowboy-hat, dress, flowers, tulips, field, vintage",done
gentleman-wall-reflection.webp,portraits,"Older man in a striped shirt leaning against a stone wall, arms crossed, with his reflection in the glass beside him.",Reflection at the Wall,"An older man in a striped shirt leans against a textured stone wall, arms crossed, his reflection mirrored in the glass beside him.","portraits, man, portrait, intimate, artistic, natural-light",done
gentleman-pool-ball-toss.webp,portraits,Older man in a striped shirt tossing a cue ball in a dimly lit pool room.,A Toss at the Pool Table,"An older man in a striped shirt smiles as he tosses a cue ball mid-air, a billiard table and cues catching the warm light of the room behind him.","portraits, man, interior, billiards, playful, portrait, intimate",done
gentleman-red-wine-desk.webp,portraits,Older man in a blazer smiling while holding a glass of red wine at a wooden desk.,A Glass of Red,"An older gentleman in a checkered blazer rests at a polished wooden desk, holding a glass of red wine, the warm interior softly lit behind him.","portraits, man, interior, wine, intimate, portrait, elegant",done